Workbook

Sheet README
A1: 132 — GAP_TO_MECHANISM_TRACEABILITY_MATRIX (v1.7, 2026-10-14)
A2: Chain: literature pattern → gap candidate → enterprise decision interface → observable mechanism → variable → equation.
A3: Status: THEORETICAL CONVERGENCE COMPLETE (researcher-adjudicated); HUMAN CONSTRUCT VALIDATION PENDING.
A4: Researcher adjudication ≠ human construct validation; AI blind coding ≠ human construct validation.
A5: Network columns (O, E, O/E, p_BH) are LITERATURE EVIDENCE ONLY. They never enter any enterprise-model weight, coefficient, prior or threshold.
A6: DEPLETION = pairing appears relatively less often in the literature under the specified null and observed margins. It does NOT mean an enterprise problem, ineffective AI, incompatibility, causal deficiency, or a Burt structural hole.
A7: Sources: r14/04_G01_G16_FROZEN.csv (export 2026-10-09; network numbers); r14/14 crosswalk (evidence-unit tag); r14/05 §2 and §6 (mechanism, interface, observable, variable; researcher-adjudicated); 54C (AI pilot); v1_human_results (human V1 = PENDING).
A8: VERIFIED_SOURCE: label-substitution note ('未移除〔VERIFIED_SOURCE: …〕'): the V9 human-validation package (folder 20260929_V9_HUMAN_VALIDATION; zip sha256 8f63e88e…) was recovered and partially verified in V1.8 (V9_SOURCE_VERIFIED=PARTIAL). Each G row was checked against the manifest-pinned ROBUST_CORE_LOCAL_SENSITIVITY.csv (sha256 e3166ee183e1…; sidecar produced 2026-10-03, not 2026-09-29) and V1.8 04_LOCAL_SENSITIVITY_REPRODUCTION.md T2 (sha256 d9ab7bbf8b47…): no G01–G16 cell removed. Scope: local label-replacement sidecar (20 reconciled + 30 first-coder labels), not a full reanalysis; the V9.1 evidence re-segmentation sensitivity is separate (G07/G15 boundary-sensitive). Manuscript Appendix E39.
A9: Literature-interpretation wording is a conservative restatement of r14/05 'Theoretical_Problem' (always relative to the null baseline).
A10: This file contains no formulas except the Summary sheet counts; no enterprise data.

Sheet G_to_M_matrix
A1: G ID | B1: AI family | C1: AI family（中） | D1: Decision family | E1: Decision family（中） | F1: O (doc-level edges) | G1: E analytic = k_a·k_d/M | H1: O/E | I1: p_BH primary | J1: p_BH exact | K1: p_BH document-preserving | L1: p_BH raw-record | M1: Network status | N1: Evidence-unit persistence | O1: Literature interpretation（相對於零模型基準） | P1: Enterprise mechanism candidate（介面） | Q1: M assignment primary | R1: M secondary | S1: Model status | T1: Observable evidence | U1: Model variable implication | V1: AI pilot vs researcher | W1: Validation status | X1: Source: network | Y1: Source: evidence-unit tag | Z1: Source: mechanism/observable/variable | AA1: Source: AI pilot
A2: G01 | B2: HUMAN_AUGMENTATION | C2: 人機增能 | D2: PREDICTION_DIAGNOSIS | E2: 預測與診斷 | F2: 3 | G2: 25.889908 | H2: 0.1159 | I2: 0.0009 | J2: <0.0001 | K2: 0.0024 | L2: <0.0001 | M2: 主要穩健不足呈現（四項分析皆 p_BH ≤ .05 且方向一致）；證據單元：持續；目標式人工標籤替換：未移除〔VERIFIED_SOURCE: V9 ROBUST_CORE_LOCAL_SENSITIVITY.csv (sha256 e3166ee183e1…) row HUMAN_AUGMENTATION×PREDICTION_DIAGNOSIS: official_core_member=YES/DEPLETED; sidecar_core_member=YES/DEPLETED; core_membership_changed=NO; cross-check V1.8 04_LOCAL_SENSITIVITY_REPRODUCTION.md T2 (sha256 d9ab7bbf8b47…); local label-replacement sidecar only (not a full reanalysis)〕 | N2: 持續 | O2: 人機增能與預測與診斷的直接配對低於邊際基準；人機在預測／診斷任務上的分工與相對表現較少被直接連結討論 | P2: I3 人機配置與反應 | Q2: M3（anchor） | R2: M4 | S2: static core | T2: 各 initiative 的決策順序、最終權、是否聚合；角色別使用、查核、修改、拒用的實際頻率 | U2: m_k、A_k；Cons(A_k,m_k)（F8）；ρ、P、π 進期望結果（X1） | V2: 一致 | W2: 研究者裁決（理論收斂完成）；人類 V1 盲編待完成 | X2: r14/04_G01_G16_FROZEN.csv data row 1 (file line 2) | Y2: r14/14_R14_TO_G01_G16_STATUS_CROSSWALK.csv data row 1 | Z2: r14/05_GAP_TO_MECHANISM_CONVERGENCE_v2_1.md line 50 (§2) and line 219 (§6) | AA2: 54C_AI_BLIND_CODING_PILOT_RESULTS_v2_2.md case C02 (§3 table)
A3: G02 | B3: PREDICTION_RISK_ESTIMATION | C3: 預測與風險估計 | D3: HUMAN_REVIEW_ACCOUNTABILITY | E3: 人工複核與問責 | F3: 6 | G3: 44.92844 | H3: 0.1335 | I3: 0.0009 | J3: <0.0001 | K3: 0.0024 | L3: <0.0001 | M3: 主要穩健不足呈現（四項分析皆 p_BH ≤ .05 且方向一致）；證據單元：持續；目標式人工標籤替換：未移除〔VERIFIED_SOURCE: V9 ROBUST_CORE_LOCAL_SENSITIVITY.csv (sha256 e3166ee183e1…) row PREDICTION_RISK_ESTIMATION×HUMAN_REVIEW_ACCOUNTABILITY: official_core_member=YES/DEPLETED; sidecar_core_member=YES/DEPLETED; core_membership_changed=NO; cross-check V1.8 04_LOCAL_SENSITIVITY_REPRODUCTION.md T2 (sha256 d9ab7bbf8b47…); local label-replacement sidecar only (not a full reanalysis)〕 | N3: 持續 | O3: 風險估計輸出與人工複核、問責的直接配對低於基準；誰審、何時審、誰負責較少被直接連結 | P3: I1 授權行動（部門層） | Q3: M1 | R3: M3 | S3: static core（併入 I1） | T3: 部門層對特定 initiative 的審查責任人、行動前否決權、可見資訊與時間（有效控制） | U3: H_k ≥ H^req_γ(A_k,κ_j)（F5a）；Eff_H（F6） | V3: 一致 | W3: 研究者裁決（理論收斂完成）；人類 V1 盲編待完成 | X3: r14/04_G01_G16_FROZEN.csv data row 2 (file line 3) | Y3: r14/14_R14_TO_G01_G16_STATUS_CROSSWALK.csv data row 2 | Z3: r14/05_GAP_TO_MECHANISM_CONVERGENCE_v2_1.md line 51 (§2) and line 214 (§6) | AA3: 54C_AI_BLIND_CODING_PILOT_RESULTS_v2_2.md case C04 (§3 table)
A4: G03 | B4: COORDINATION_EXECUTION | C4: 協調與執行 | D4: RISK_ASSESSMENT | E4: 風險評估 | F4: 3 | G4: 16.776606 | H4: 0.1788 | I4: 0.0009 | J4: 0.0002 | K4: 0.0024 | L4: <0.0001 | M4: 主要穩健不足呈現（四項分析皆 p_BH ≤ .05 且方向一致）；證據單元：持續；目標式人工標籤替換：未移除〔VERIFIED_SOURCE: V9 ROBUST_CORE_LOCAL_SENSITIVITY.csv (sha256 e3166ee183e1…) row COORDINATION_EXECUTION×RISK_ASSESSMENT: official_core_member=YES/DEPLETED; sidecar_core_member=YES/DEPLETED; core_membership_changed=NO; cross-check V1.8 04_LOCAL_SENSITIVITY_REPRODUCTION.md T2 (sha256 d9ab7bbf8b47…); local label-replacement sidecar only (not a full reanalysis)〕 | N4: 持續 | O4: 協調與執行能力與風險評估的直接配對低於基準；被執行的流程如何承接風險、例外與回復較少被直接連結 | P4: I2 路由與回復 | Q4: M2（anchor） | R4: M1 | S4: static core | T4: AI 輸出的路由深度；例外路由；回復（rollback）是否存在；整合工時 | U4: WI_k ≥ WI^req_γ（F5b）；FB_jk（F7）；C^impl；工程容量（R1、R2） | V4: 一致 | W4: 研究者裁決（理論收斂完成）；人類 V1 盲編待完成 | X4: r14/04_G01_G16_FROZEN.csv data row 3 (file line 4) | Y4: r14/14_R14_TO_G01_G16_STATUS_CROSSWALK.csv data row 3 | Z4: r14/05_GAP_TO_MECHANISM_CONVERGENCE_v2_1.md line 52 (§2) and line 217 (§6) | AA4: 54C_AI_BLIND_CODING_PILOT_RESULTS_v2_2.md case C12 (§3 table)
A5: G04 | B5: GENERATION_SYNTHESIS | C5: 生成與合成 | D5: PREDICTION_DIAGNOSIS | E5: 預測與診斷 | F5: 7 | G5: 38.211009 | H5: 0.1832 | I5: 0.0009 | J5: <0.0001 | K5: 0.0042 | L5: <0.0001 | M5: 主要穩健不足呈現（四項分析皆 p_BH ≤ .05 且方向一致）；證據單元：持續；目標式人工標籤替換：未移除〔VERIFIED_SOURCE: V9 ROBUST_CORE_LOCAL_SENSITIVITY.csv (sha256 e3166ee183e1…) row GENERATION_SYNTHESIS×PREDICTION_DIAGNOSIS: official_core_member=YES/DEPLETED; sidecar_core_member=YES/DEPLETED; core_membership_changed=NO; cross-check V1.8 04_LOCAL_SENSITIVITY_REPRODUCTION.md T2 (sha256 d9ab7bbf8b47…); local label-replacement sidecar only (not a full reanalysis)〕 | N5: 持續 | O5: 生成與合成與預測與診斷的直接配對低於基準；描述的是技術應用前沿，未指向獨立的組織配置決策 | P5: 無獨立介面 | Q5: — | R5: — | S5: evidence-only | T5: 無（企業中的生成式診斷 initiative 之配置問題已由 I1–I4 表達） | U5: 不建模 | V5: 分歧：AI 為 M4／static；研究者為 evidence-only（主機制與狀態皆不同；mapping-only） | W5: 研究者裁決（理論收斂完成）；人類 V1 盲編待完成 | X5: r14/04_G01_G16_FROZEN.csv data row 4 (file line 5) | Y5: r14/14_R14_TO_G01_G16_STATUS_CROSSWALK.csv data row 4 | Z5: r14/05_GAP_TO_MECHANISM_CONVERGENCE_v2_1.md line 53 (§2) and line 228 (§6) | AA5: 54C_AI_BLIND_CODING_PILOT_RESULTS_v2_2.md case C03 (§3 table)
A6: G05 | B6: EXPLANATION_ASSURANCE | C6: 解釋與保證 | D6: ALLOCATION_PLANNING | E6: 配置與規劃 | F6: 7 | G6: 37.626606 | H6: 0.186 | I6: 0.0009 | J6: <0.0001 | K6: 0.0024 | L6: <0.0001 | M6: 主要穩健不足呈現（四項分析皆 p_BH ≤ .05 且方向一致）；證據單元：持續；目標式人工標籤替換：未移除〔VERIFIED_SOURCE: V9 ROBUST_CORE_LOCAL_SENSITIVITY.csv (sha256 e3166ee183e1…) row EXPLANATION_ASSURANCE×ALLOCATION_PLANNING: official_core_member=YES/DEPLETED; sidecar_core_member=YES/DEPLETED; core_membership_changed=NO; cross-check V1.8 04_LOCAL_SENSITIVITY_REPRODUCTION.md T2 (sha256 d9ab7bbf8b47…); local label-replacement sidecar only (not a full reanalysis)〕 | N6: 持續 | O6: 解釋與保證能力與配置與規劃決策的直接配對低於基準 | P6: I4 評估與保證（企業層） | Q6: M4 | R6: M1 | S6: static bridge（併入 I4） | T6: 企業是否有共用評估基礎設施；配置決策是否附來源與穩健性等級 | U6: y_EVAL ∈ Pre(j,k)（F4，若 EA_k ≥ EA^cap）；求解輸出附 provenance 與 robustness class | V6: 一致 | W6: 研究者裁決（理論收斂完成）；人類 V1 盲編待完成 | X6: r14/04_G01_G16_FROZEN.csv data row 5 (file line 6) | Y6: r14/14_R14_TO_G01_G16_STATUS_CROSSWALK.csv data row 5 | Z6: r14/05_GAP_TO_MECHANISM_CONVERGENCE_v2_1.md line 54 (§2) and line 223 (§6) | AA6: 54C_AI_BLIND_CODING_PILOT_RESULTS_v2_2.md case C07 (§3 table)
A7: G06 | B7: EVALUATION_ASSESSMENT | C7: 評估與審核 | D7: PREDICTION_DIAGNOSIS | E7: 預測與診斷 | F7: 9 | G7: 45.853211 | H7: 0.1963 | I7: 0.0009 | J7: <0.0001 | K7: 0.0024 | L7: <0.0001 | M7: 主要穩健不足呈現（四項分析皆 p_BH ≤ .05 且方向一致）；證據單元：持續；目標式人工標籤替換：未移除〔VERIFIED_SOURCE: V9 ROBUST_CORE_LOCAL_SENSITIVITY.csv (sha256 e3166ee183e1…) row EVALUATION_ASSESSMENT×PREDICTION_DIAGNOSIS: official_core_member=YES/DEPLETED; sidecar_core_member=YES/DEPLETED; core_membership_changed=NO; cross-check V1.8 04_LOCAL_SENSITIVITY_REPRODUCTION.md T2 (sha256 d9ab7bbf8b47…); local label-replacement sidecar only (not a full reanalysis)〕 | N7: 持續 | O7: 評估與審核功能與預測與診斷決策的直接配對低於基準；對預測系統的評估與預測決策較少被直接連結 | P7: I4 評估與保證 | Q7: M4（anchor） | R7: — | S7: static core | T7: 上線前測試、運作中效能量測、觸發式重驗證紀錄 | U7: EA_k ≥ EA^req_γ(A_k,κ_j)（F5d）；EA 成本進 C^impl | V7: 一致 | W7: 研究者裁決（理論收斂完成）；人類 V1 盲編待完成 | X7: r14/04_G01_G16_FROZEN.csv data row 6 (file line 7) | Y7: r14/14_R14_TO_G01_G16_STATUS_CROSSWALK.csv data row 6 | Z7: r14/05_GAP_TO_MECHANISM_CONVERGENCE_v2_1.md line 55 (§2) and line 222 (§6) | AA7: 54C_AI_BLIND_CODING_PILOT_RESULTS_v2_2.md case C09 (§3 table)
A8: G07 | B8: HUMAN_AUGMENTATION | C8: 人機增能 | D8: EVALUATION_SELECTION | E8: 評估與選擇 | F8: 2 | G8: 9.746789 | H8: 0.2052 | I8: 0.0197 | J8: 0.0147 | K8: 0.0304 | L8: 0.029 | M8: 主要穩健不足呈現（四項分析皆 p_BH ≤ .05 且方向一致）；證據單元：邊界敏感；目標式人工標籤替換：未移除〔VERIFIED_SOURCE: V9 ROBUST_CORE_LOCAL_SENSITIVITY.csv (sha256 e3166ee183e1…) row HUMAN_AUGMENTATION×EVALUATION_SELECTION: official_core_member=YES/DEPLETED; sidecar_core_member=YES/DEPLETED; core_membership_changed=NO; cross-check V1.8 04_LOCAL_SENSITIVITY_REPRODUCTION.md T2 (sha256 d9ab7bbf8b47…); local label-replacement sidecar only (not a full reanalysis)〕 | N8: 邊界敏感 | O8: 人機增能與評估與選擇的直接配對低於基準（O = 2，小計數，幅度不作解讀） | P8: I3 人機配置與反應 | Q8: M3 | R8: — | S8: static core（併入 I3） | T8: 同 G01，任務型態為多選項評選 | U8: 同 G01；以 task_family 標籤記錄，不另設構念 | V8: 一致 | W8: 研究者裁決（理論收斂完成）；人類 V1 盲編待完成 | X8: r14/04_G01_G16_FROZEN.csv data row 7 (file line 8) | Y8: r14/14_R14_TO_G01_G16_STATUS_CROSSWALK.csv data row 7 | Z8: r14/05_GAP_TO_MECHANISM_CONVERGENCE_v2_1.md line 56 (§2) and line 220 (§6) | AA8: 54C_AI_BLIND_CODING_PILOT_RESULTS_v2_2.md case C10 (§3 table)
A9: G08 | B9: RECOMMENDATION_OPTIMIZATION | C9: 推薦與最佳化 | D9: HUMAN_REVIEW_ACCOUNTABILITY | E9: 人工複核與問責 | F9: 8 | G9: 36.273394 | H9: 0.2205 | I9: 0.0009 | J9: <0.0001 | K9: 0.0024 | L9: <0.0001 | M9: 主要穩健不足呈現（四項分析皆 p_BH ≤ .05 且方向一致）；證據單元：持續；目標式人工標籤替換：未移除〔VERIFIED_SOURCE: V9 ROBUST_CORE_LOCAL_SENSITIVITY.csv (sha256 e3166ee183e1…) row RECOMMENDATION_OPTIMIZATION×HUMAN_REVIEW_ACCOUNTABILITY: official_core_member=YES/DEPLETED; sidecar_core_member=YES/DEPLETED; core_membership_changed=NO; cross-check V1.8 04_LOCAL_SENSITIVITY_REPRODUCTION.md T2 (sha256 d9ab7bbf8b47…); local label-replacement sidecar only (not a full reanalysis)〕 | N9: 持續 | O9: 建議與最佳化輸出與人工複核、問責的直接配對低於基準；建議成為行動前由誰簽核較少被直接連結 | P9: I1 授權行動（＋I3 橋接） | Q9: M1 | R9: M3 | S9: static bridge（併入 I1） | T9: 建議採用前的簽核者；建議可否修改；採用與修改的實際頻率 | U9: H_k（F5a）；ρ(Modify)、ρ(Use) 進期望結果（X1） | V9: 一致 | W9: 研究者裁決（理論收斂完成）；人類 V1 盲編待完成 | X9: r14/04_G01_G16_FROZEN.csv data row 8 (file line 9) | Y9: r14/14_R14_TO_G01_G16_STATUS_CROSSWALK.csv data row 8 | Z9: r14/05_GAP_TO_MECHANISM_CONVERGENCE_v2_1.md line 57 (§2) and line 215 (§6) | AA9: 54C_AI_BLIND_CODING_PILOT_RESULTS_v2_2.md case C14 (§3 table)
A10: G09 | B10: PREDICTION_RISK_ESTIMATION | C10: 預測與風險估計 | D10: GOVERNANCE_OVERSIGHT | E10: 治理與監督 | F10: 26 | G10: 89.009174 | H10: 0.2921 | I10: 0.0009 | J10: <0.0001 | K10: 0.0024 | L10: <0.0001 | M10: 主要穩健不足呈現（四項分析皆 p_BH ≤ .05 且方向一致）；證據單元：持續；目標式人工標籤替換：未移除〔VERIFIED_SOURCE: V9 ROBUST_CORE_LOCAL_SENSITIVITY.csv (sha256 e3166ee183e1…) row PREDICTION_RISK_ESTIMATION×GOVERNANCE_OVERSIGHT: official_core_member=YES/DEPLETED; sidecar_core_member=YES/DEPLETED; core_membership_changed=NO; cross-check V1.8 04_LOCAL_SENSITIVITY_REPRODUCTION.md T2 (sha256 d9ab7bbf8b47…); local label-replacement sidecar only (not a full reanalysis)〕 | N10: 持續 | O10: 風險估計與治理與監督結構的直接配對低於基準 | P10: I1 授權行動（企業層） | Q10: M1（anchor） | R10: — | S10: static core | T10: 企業 AI 政策、禁止條件、授權變更權、名義與正式決策權等級 | U10: γ ∈ Γ；q_jk ≤ Allow_γ(j,k)（F3）；G_j(γ) ≥ G^req(A_k,κ_j)（F5c）；ΔC^gov(γ) 進目標（OBJ-E） | V10: 一致 | W10: 研究者裁決（理論收斂完成）；人類 V1 盲編待完成 | X10: r14/04_G01_G16_FROZEN.csv data row 9 (file line 10) | Y10: r14/14_R14_TO_G01_G16_STATUS_CROSSWALK.csv data row 9 | Z10: r14/05_GAP_TO_MECHANISM_CONVERGENCE_v2_1.md line 58 (§2) and line 213 (§6) | AA10: 54C_AI_BLIND_CODING_PILOT_RESULTS_v2_2.md case C13 (§3 table)
A11: G10 | B11: PREDICTION_RISK_ESTIMATION | C11: 預測與風險估計 | D11: EVALUATION_SELECTION | E11: 評估與選擇 | F11: 8 | G11: 27.126606 | H11: 0.2949 | I11: 0.0009 | J11: <0.0001 | K11: 0.0058 | L11: <0.0001 | M11: 主要穩健不足呈現（四項分析皆 p_BH ≤ .05 且方向一致）；證據單元：持續；目標式人工標籤替換：未移除〔VERIFIED_SOURCE: V9 ROBUST_CORE_LOCAL_SENSITIVITY.csv (sha256 e3166ee183e1…) row PREDICTION_RISK_ESTIMATION×EVALUATION_SELECTION: official_core_member=YES/DEPLETED; sidecar_core_member=YES/DEPLETED; core_membership_changed=NO; cross-check V1.8 04_LOCAL_SENSITIVITY_REPRODUCTION.md T2 (sha256 d9ab7bbf8b47…); local label-replacement sidecar only (not a full reanalysis)〕 | N11: 持續 | O11: 風險估計與評估與選擇的直接配對低於基準；風險分數如何轉為選擇門檻較少被直接連結 | P11: I3 條件模組（門檻變體） | Q11: M3 | R11: M4 | S11: optional（data-gated） | T11: 分數分布、真實標記、可回溯的門檻規則 | U11: 門檻變體 k_τ ∈ M_j；P(z,ω｜k_τ) 須由分數與標記資料識別 | V11: 分歧：AI 為 static；研究者為 optional（僅狀態不同；mapping-only） | W11: 研究者裁決（理論收斂完成）；人類 V1 盲編待完成；需真實分數／標記資料才可識別 | X11: r14/04_G01_G16_FROZEN.csv data row 10 (file line 11) | Y11: r14/14_R14_TO_G01_G16_STATUS_CROSSWALK.csv data row 10 | Z11: r14/05_GAP_TO_MECHANISM_CONVERGENCE_v2_1.md line 59 (§2) and line 221 (§6) | AA11: 54C_AI_BLIND_CODING_PILOT_RESULTS_v2_2.md case C11 (§3 table)
A12: G11 | B12: EVALUATION_ASSESSMENT | C12: 評估與審核 | D12: ALLOCATION_PLANNING | E12: 配置與規劃 | F12: 12 | G12: 39.649541 | H12: 0.3027 | I12: 0.0009 | J12: <0.0001 | K12: 0.0024 | L12: <0.0001 | M12: 主要穩健不足呈現（四項分析皆 p_BH ≤ .05 且方向一致）；證據單元：持續；目標式人工標籤替換：未移除〔VERIFIED_SOURCE: V9 ROBUST_CORE_LOCAL_SENSITIVITY.csv (sha256 e3166ee183e1…) row EVALUATION_ASSESSMENT×ALLOCATION_PLANNING: official_core_member=YES/DEPLETED; sidecar_core_member=YES/DEPLETED; core_membership_changed=NO; cross-check V1.8 04_LOCAL_SENSITIVITY_REPRODUCTION.md T2 (sha256 d9ab7bbf8b47…); local label-replacement sidecar only (not a full reanalysis)〕 | N12: 持續 | O12: 評估與審核與配置與規劃的直接配對低於基準；評估結果如何回饋下一期配置較少被直接連結 | P12: I5 學習與再配置 | Q12: M5 | R12: M4 | S12: dynamic（M5） | T12: 跨期 initiative 結果與下一期預算／配置變更紀錄 | U12: 跨期轉移 b_{t+1}(O_t)（D1）；不進靜態目標 | V12: 分歧：AI 為 M4／static（M5 次要）；研究者為 M5／dynamic（主機制與狀態皆不同；mapping-only） | W12: 研究者裁決（理論收斂完成）；人類 V1 盲編待完成；需至少兩期或試點前後資料 | X12: r14/04_G01_G16_FROZEN.csv data row 11 (file line 12) | Y12: r14/14_R14_TO_G01_G16_STATUS_CROSSWALK.csv data row 11 | Z12: r14/05_GAP_TO_MECHANISM_CONVERGENCE_v2_1.md line 60 (§2) and line 226 (§6) | AA12: 54C_AI_BLIND_CODING_PILOT_RESULTS_v2_2.md case C01 (§3 table)
A13: G12 | B13: PREDICTION_RISK_ESTIMATION | C13: 預測與風險估計 | D13: INFORMATION_ACQUISITION | E13: 資訊取得 | F13: 21 | G13: 68.240367 | H13: 0.3077 | I13: 0.0009 | J13: <0.0001 | K13: 0.0024 | L13: <0.0001 | M13: 主要穩健不足呈現（四項分析皆 p_BH ≤ .05 且方向一致）；證據單元：持續；目標式人工標籤替換：未移除〔VERIFIED_SOURCE: V9 ROBUST_CORE_LOCAL_SENSITIVITY.csv (sha256 e3166ee183e1…) row PREDICTION_RISK_ESTIMATION×INFORMATION_ACQUISITION: official_core_member=YES/DEPLETED; sidecar_core_member=YES/DEPLETED; core_membership_changed=NO; cross-check V1.8 04_LOCAL_SENSITIVITY_REPRODUCTION.md T2 (sha256 d9ab7bbf8b47…); local label-replacement sidecar only (not a full reanalysis)〕 | N13: 持續 | O13: 風險估計與資訊取得的直接配對低於基準；風險估計如何引導先試點、再擴大的資訊取得較少被直接連結 | P13: I5 學習與再配置 | Q13: M5 | R13: M4 | S13: dynamic（M5） | T13: 試點決策；試點前後參數區間的紀錄 | U13: 試點／資訊取得決策（D2）；靜態只作 value-of-identification 診斷 | V13: 一致 | W13: 研究者裁決（理論收斂完成）；人類 V1 盲編待完成；需至少兩期或試點前後資料 | X13: r14/04_G01_G16_FROZEN.csv data row 12 (file line 13) | Y13: r14/14_R14_TO_G01_G16_STATUS_CROSSWALK.csv data row 12 | Z13: r14/05_GAP_TO_MECHANISM_CONVERGENCE_v2_1.md line 61 (§2) and line 227 (§6) | AA13: 54C_AI_BLIND_CODING_PILOT_RESULTS_v2_2.md case C05 (§3 table)
... A17: G16 | B17: COORDINATION_EXECUTION | C17: 協調與執行 | D17: HUMAN_REVIEW_ACCOUNTABILITY | E17: 人工複核與問責 | F17: 10 | G17: 21.297248 | H17: 0.4695 | I17: 0.0169 | J17: 0.0168 | K17: 0.0137 | L17: 0.0086 | M17: 主要穩健不足呈現（四項分析皆 p_BH ≤ .05 且方向一致）；證據單元：持續；目標式人工標籤替換：未移除〔VERIFIED_SOURCE: V9 ROBUST_CORE_LOCAL_SENSITIVITY.csv (sha256 e3166ee183e1…) row COORDINATION_EXECUTION×HUMAN_REVIEW_ACCOUNTABILITY: official_core_member=YES/DEPLETED; sidecar_core_member=YES/DEPLETED; core_membership_changed=NO; cross-check V1.8 04_LOCAL_SENSITIVITY_REPRODUCTION.md T2 (sha256 d9ab7bbf8b47…); local label-replacement sidecar only (not a full reanalysis)〕 | N17: 持續 | O17: 協調與執行與人工複核、問責的直接配對低於基準；AI 已執行的行動由誰停止、誰負責較少被直接連結 | P17: I1 授權行動（＋I2 橋接） | Q17: M1 | R17: M2 | S17: static bridge（併入 I1） | T17: 執行中止權、回復路徑、事後問責紀錄 | U17: A_k = 3 ⇒ H_k ≥ H^req(3,κ) 且 FB_jk = 1（F5a、F7）；回復成本進 C^impl | V17: 一致 | W17: 研究者裁決（理論收斂完成）；人類 V1 盲編待完成 | X17: r14/04_G01_G16_FROZEN.csv data row 16 (file line 17) | Y17: r14/14_R14_TO_G01_G16_STATUS_CROSSWALK.csv data row 16 | Z17: r14/05_GAP_TO_MECHANISM_CONVERGENCE_v2_1.md line 65 (§2) and line 216 (§6) | AA17: 54C_AI_BLIND_CODING_PILOT_RESULTS_v2_2.md case C16 (§3 table)

Sheet Summary
A1: Quantity | B1: Count (formula) | C1: Expected (r14/05; 54C) | D1: Check
A2: M1 (primary) | B2: =COUNTIF(G_to_M_matrix!Q2:Q17,"M1*") | C2: 4 | D2: =IF(B2=C2,"OK","MISMATCH")
A3: M2 (primary) | B3: =COUNTIF(G_to_M_matrix!Q2:Q17,"M2*") | C3: 2 | D3: =IF(B3=C3,"OK","MISMATCH")
A4: M3 (primary) | B4: =COUNTIF(G_to_M_matrix!Q2:Q17,"M3*")-COUNTIF(G_to_M_matrix!S2:S17,"optional*") | C4: 2 | D4: =IF(B4=C4,"OK","MISMATCH")
A5: M4 (primary) | B5: =COUNTIF(G_to_M_matrix!Q2:Q17,"M4*") | C5: 4 | D5: =IF(B5=C5,"OK","MISMATCH")
A6: M1–M4 static total | B6: =SUM(B2:B5) | C6: 12 | D6: =IF(B6=C6,"OK","MISMATCH")
A7: Data-gated optional module (G10) | B7: =COUNTIF(G_to_M_matrix!S2:S17,"optional*") | C7: 1 | D7: =IF(B7=C7,"OK","MISMATCH")
A8: M5 longitudinal extension (G11, G12) | B8: =COUNTIF(G_to_M_matrix!Q2:Q17,"M5*") | C8: 2 | D8: =IF(B8=C8,"OK","MISMATCH")
A9: Evidence layer only (G04) | B9: =COUNTIF(G_to_M_matrix!S2:S17,"evidence-only*") | C9: 1 | D9: =IF(B9=C9,"OK","MISMATCH")
A10: Total G | B10: =SUM(B6:B9) | C10: 16 | D10: =IF(B10=C10,"OK","MISMATCH")
A11: Evidence-unit boundary-sensitive (G07, G15) | B11: =COUNTIF(G_to_M_matrix!N2:N17,"邊界敏感") | C11: 2 | D11: =IF(B11=C11,"OK","MISMATCH")
A12: AI-pilot disagreement (G04, G10, G11) | B12: =COUNTIF(G_to_M_matrix!V2:V17,"分歧*") | C12: 3 | D12: =IF(B12=C12,"OK","MISMATCH")
A14: Expected values are hardcoded from r14/05 §3 Q1 table and 54C §4 (source: research files, not computed here).
